{"learner":{"attributes":{"best_iteration":"31","best_ntree_limit":"32","scikit_learn":"{\"use_label_encoder\": null, \"n_estimators\": 32, \"objective\": \"binary:logistic\", \"max_depth\": 20, \"max_leaves\": null, \"max_bin\": null, \"grow_policy\": null, \"learning_rate\": null, \"verbosity\": null, \"booster\": null, \"tree_method\": \"hist\", \"gamma\": 0.1, \"min_child_weight\": null, \"max_delta_step\": null, \"subsample\": null, \"sampling_method\": null, \"colsample_bytree\": null, \"colsample_bylevel\": 0.7, \"colsample_bynode\": null, \"reg_alpha\": null, \"reg_lambda\": null, \"scale_pos_weight\": null, \"base_score\": null, \"missing\": NaN, \"num_parallel_tree\": null, \"random_state\": null, \"n_jobs\": null, \"monotone_constraints\": null, \"interaction_constraints\": null, \"importance_type\": null, \"gpu_id\": null, \"validate_parameters\": null, \"predictor\": null, \"enable_categorical\": true, \"feature_types\": null, \"max_cat_to_onehot\": null, \"max_cat_threshold\": null, \"eval_metric\": \"error\", \"early_stopping_rounds\": null, \"callbacks\": null, \"classes_\": [0, 1], \"n_classes_\": 2, \"evals_result_\": {\"validation_0\": {\"error\": [0.4561647852221082, 0.4561647852221082, 0.4561647852221082, 0.4561647852221082, 0.4561647852221082, 0.4561647852221082, 0.4561647852221082, 0.4561647852221082, 0.4561647852221082, 0.4561647852221082, 0.4561647852221082, 0.4561647852221082, 0.4561647852221082, 0.4561647852221082, 0.4561647852221082, 0.4561647852221082, 0.4561647852221082, 0.4561647852221082, 0.4561647852221082, 0.4561647852221082, 0.4561647852221082, 0.4561647852221082, 0.4561647852221082, 0.4561647852221082, 0.4561647852221082, 0.4561647852221082, 0.4561647852221082, 0.4561647852221082, 0.4561647852221082, 0.4561647852221082, 0.4561647852221082, 0.4561647852221082]}, \"validation_1\": {\"error\": [0.4482809178212741, 0.4482809178212741, 0.4482809178212741, 0.4482809178212741, 0.4482809178212741, 0.4482809178212741, 0.4482809178212741, 0.4482809178212741, 0.4482809178212741, 0.4482809178212741, 0.4482809178212741, 0.4482809178212741, 0.4482809178212741, 0.4482809178212741, 0.4482809178212741, 0.4482809178212741, 0.4482809178212741, 0.4482809178212741, 0.4482809178212741, 0.4482809178212741, 0.4482809178212741, 0.4482809178212741, 0.4482809178212741, 0.4482809178212741, 0.4482809178212741, 0.4482809178212741, 0.4482809178212741, 0.4482809178212741, 0.4482809178212741, 0.4482809178212741, 0.4482809178212741, 0.4482809178212741]}}, \"_estimator_type\": \"classifier\"}"},"feature_names":["MES","DIANOM","TIPOVUELO","OPERA","SIGLAORI","SIGLADES","Per-D"],"feature_types":["c","c","c","c","c","c","c"],"gradient_booster":{"model":{"gbtree_model_param":{"num_parallel_tree":"1","num_trees":"32","size_leaf_vector":"0"},"tree_info":[0,0,0,0,0,0,0,0,0,0,0,0,0,0,0,0,0,0,0,0,0,0,0,0,0,0,0,0,0,0,0,0],"trees":[{"base_weights":[-2.0686117E-1,-2.5898078E-1,-5.3913794E-2,-2.8199822E-1,-2.3603214E-1,-6.973848E-3,-2.1059604E-2,-7.953574E-2,-8.69856E-2,-7.4127525E-2,-6.9134176E-2],"categories":[2,0,0,0,0],"categories_nodes":[0,1,2,3,4],"categories_segments":[0,1,2,3,4],"categories_sizes":[1,1,1,1,1],"default_left":[1,1,1,1,1,0,0,0,0,0,0],"id":0,"left_children":[1,3,5,7,9,-1,-1,-1,-1,-1,-1],"loss_changes":[1.0873407E2,5.3078003E0,1.7306023E0,6.0440063E-1,2.581482E-1,0E0,0E0,0E0,0E0,0E0,0E0],"parents":[2147483647,0,0,1,1,2,2,3,3,4,4],"right_children":[2,4,6,8,10,-1,-1,-1,-1,-1,-1],"split_conditions":[NaN,NaN,NaN,NaN,NaN,-6.973848E-3,-2.1059604E-2,-7.953574E-2,-8.69856E-2,-7.4127525E-2,-6.9134176E-2],"split_indices":[6,6,1,1,1,0,0,0,0,0,0],"split_type":[1,1,1,1,1,0,0,0,0,0,0],"sum_hessian":[1.3641E4,1.01735E4,3.4675E3,5.0735E3,5.1E3,1.2035E3,2.264E3,1.636E3,3.4375E3,1.69675E3,3.40325E3],"tree_param":{"num_deleted":"0","num_feature":"7","num_nodes":"11","size_leaf_vector":"0"}},{"base_weights":[-1.4502497E-1,-1.8163335E-1,-1.1325364E-2,-5.9350867E-2,-4.96463E-2],"categories":[2,0],"categories_nodes":[0,1],"categories_segments":[0,1],"categories_sizes":[1,1],"default_left":[1,1,0,0,0],"id":1,"left_children":[1,3,-1,-1,-1],"loss_changes":[5.3505096E1,2.624939E0,0E0,0E0,0E0],"parents":[2147483647,0,0,1,1],"right_children":[2,4,-1,-1,-1],"split_conditions":[NaN,NaN,-1.1325364E-2,-5.9350867E-2,-4.96463E-2],"split_indices":[6,6,0,0,0],"split_type":[1,1,0,0,0],"sum_hessian":[1.3625264E4,1.0158029E4,3.4672344E3,5.0644214E3,5.093608E3],"tree_param":{"num_deleted":"0","num_feature":"7","num_nodes":"5","size_leaf_vector":"0"}},{"base_weights":[-1.018019E-1,-1.2759331E-1,-2.6433004E-2,-4.171765E-2,-3.4853984E-2,-1.4889245E-3,-1.1352246E-2],"categories":[2,0,0],"categories_nodes":[0,1,2],"categories_segments":[0,1,2],"categories_sizes":[1,1,1],"default_left":[1,1,1,0,0,0,0],"id":2,"left_children":[1,3,5,-1,-1,-1,-1],"loss_changes":[2.6426743E1,1.3094482E0,8.49164E-1,0E0,0E0,0E0,0E0],"parents":[2147483647,0,0,1,1,2,2],"right_children":[2,4,6,-1,-1,-1,-1],"split_conditions":[NaN,NaN,NaN,-4.171765E-2,-3.4853984E-2,-1.4889245E-3,-1.1352246E-2],"split_indices":[6,6,1,0,0,0,0],"split_type":[1,1,1,0,0,0,0],"sum_hessian":[1.35956455E4,1.012884E4,3.4668057E3,5.047298E3,5.081542E3,1.2033992E3,2.2634065E3],"tree_param":{"num_deleted":"0","num_feature":"7","num_nodes":"7","size_leaf_vector":"0"}},{"base_weights":[-7.146591E-2],"categories":[],"categories_nodes":[],"categories_segments":[],"categories_sizes":[],"default_left":[0],"id":3,"left_children":[-1],"loss_changes":[0E0],"parents":[2147483647],"right_children":[-1],"split_conditions":[-2.1439774E-2],"split_indices":[0],"split_type":[0],"sum_hessian":[1.3565687E4],"tree_param":{"num_deleted":"0","num_feature":"7","num_nodes":"1","size_leaf_vector":"0"}},{"base_weights":[-5.0122634E-2,-6.835261E-2,2.9199696E-3,-2.2949833E-2,-1.8077431E-2,5.3847805E-3,-1.5236444E-3],"categories":[2,0,0],"categories_nodes":[0,1,2],"categories_segments":[0,1,2],"categories_sizes":[1,1,1],"default_left":[1,1,1,0,0,0,0],"id":4,"left_children":[1,3,5,-1,-1,-1,-1],"loss_changes":[1.3098164E1,6.601677E-1,4.167105E-1,0E0,0E0,0E0,0E0],"parents":[2147483647,0,0,1,1,2,2],"right_children":[2,4,6,-1,-1,-1,-1],"split_conditions":[NaN,NaN,NaN,-2.2949833E-2,-1.8077431E-2,5.3847805E-3,-1.5236444E-3],"split_indices":[6,6,1,0,0,0,0],"split_type":[1,1,1,0,0,0,0],"sum_hessian":[1.3544436E4,1.007985E4,3.4645862E3,5.019475E3,5.0603745E3,1.2029888E3,2.2615974E3],"tree_param":{"num_deleted":"0","num_feature":"7","num_nodes":"7","size_leaf_vector":"0"}},{"base_weights":[-3.515901E-2,-4.7972176E-2,6.1347533E-4,-5.3716123E-2,-4.2269845E-2,-1.2518938E-2,-1.782348E-2,-1.5059423E-2,-1.1491589E-2],"categories":[2,0,0,0],"categories_nodes":[0,1,3,4],"categories_segments":[0,1,2,3],"categories_sizes":[1,1,1,1],"default_left":[1,1,0,1,1,0,0,0,0],"id":5,"left_children":[1,3,-1,5,7,-1,-1,-1,-1],"loss_changes":[6.4472065E0,3.2723045E-1,0E0,3.3940315E-1,1.5689945E-1,0E0,0E0,0E0,0E0],"parents":[2147483647,0,0,1,1,3,3,4,4],"right_children":[2,4,-1,6,8,-1,-1,-1,-1],"split_conditions":[NaN,NaN,6.1347533E-4,NaN,NaN,-1.2518938E-2,-1.782348E-2,-1.5059423E-2,-1.1491589E-2],"split_indices":[6,6,0,1,1,0,0,0,0],"split_type":[1,1,0,1,1,0,0,0,0],"sum_hessian":[1.3523458E4,1.0058861E4,3.4645972E3,5.006952E3,5.0519087E3,1.6154689E3,3.3914832E3,1.6802042E3,3.3717046E3],"tree_param":{"num_deleted":"0","num_feature":"7","num_nodes":"9","size_leaf_vector":"0"}},{"base_weights":[-2.4653422E-2,-3.365165E-2,4.294621E-4,-3.7695117E-2,-8.892017E-3,-8.780914E-3,-1.2510412E-2],"categories":[2,0,0],"categories_nodes":[0,1,3],"categories_segments":[0,1,2],"categories_sizes":[1,1,1],"default_left":[1,1,0,1,0,0,0],"id":6,"left_children":[1,3,-1,5,-1,-1,-1],"loss_changes":[3.170743E0,1.6180134E-1,0E0,1.6749716E-1,0E0,0E0,0E0],"parents":[2147483647,0,0,1,1,3,3],"right_children":[2,4,-1,6,-1,-1,-1],"split_conditions":[NaN,NaN,4.294621E-4,NaN,-8.892017E-3,-8.780914E-3,-1.2510412E-2],"split_indices":[6,6,0,1,0,0,0],"split_type":[1,1,0,1,0,0,0],